dt,Q,max_overlap_m,min_gap
0.1,579.6,3.28870,0.000
0.2,573.6,5.65008,0.000
